{"cameraMode":{"drawMode":0,"name":"Shaded","section":"Shading Mode"},"sceneLighting":true,"audioPlay":false,"sceneViewState":{"showFog":true,"showMaterialUpdate":true,"showSkybox":true,"showFlares":true,"showImageEffects":true,"showParticleSystems":true},"in2DMode":false,"pivot":{"x":-6.241203784942627,"y":19.816755294799806,"z":-4.560664176940918},"rotation":{"x":0.2637365758419037,"y":0.15687748789787293,"z":-0.04360682889819145,"w":0.9507876634597778},"size":30.78179168701172,"orthographic":false}