{"cameraMode":{"drawMode":0,"name":"Shaded","section":"Shading Mode"},"sceneLighting":false,"audioPlay":false,"sceneViewState":{"showFog":false,"showMaterialUpdate":false,"showSkybox":false,"showFlares":false,"showImageEffects":false,"showParticleSystems":false},"in2DMode":false,"pivot":{"x":-2.980232238769531e-7,"y":0.0,"z":2.9802322387695315e-8},"rotation":{"x":-0.011772718280553818,"y":-0.11174555867910385,"z":0.0027315563056617977,"w":-0.9941512942314148},"size":1.1140427589416505,"orthographic":false}