{"cameraMode":{"drawMode":0,"name":"Shaded","section":"Shading Mode"},"sceneLighting":true,"audioPlay":false,"sceneViewState":{"showFog":false,"showMaterialUpdate":false,"showSkybox":false,"showFlares":false,"showImageEffects":false,"showParticleSystems":false},"in2DMode":false,"pivot":{"x":2.7770564556121828,"y":1.1127716302871705,"z":52.54017639160156},"rotation":{"x":0.004500735551118851,"y":0.00003954659405280836,"z":-0.0014180399011820555,"w":1.0004708766937256},"size":20.92499542236328,"orthographic":false}