{"cameraMode":{"drawMode":0,"name":"Shaded","section":"Shading Mode"},"sceneLighting":true,"audioPlay":false,"sceneViewState":{"showFog":false,"showMaterialUpdate":false,"showSkybox":false,"showFlares":false,"showImageEffects":false,"showParticleSystems":false},"in2DMode":false,"pivot":{"x":-13.356765747070313,"y":12.004532814025879,"z":87.37913513183594},"rotation":{"x":0.16492697596549989,"y":0.7362324595451355,"z":-0.1928960531949997,"w":0.6279318928718567},"size":4.657884120941162,"orthographic":false}